Newspaper,Total_Pages,Total_Faces,Pages_With_Faces,Overall_Percentage
GDL,1008,152,114,11.30952380952381
IMP,1634,1843,627,38.372093023255815
JDG,1982,338,242,12.209889001009081
