Newspaper,Total_Pages,Total_Faces,Pages_With_Faces,Overall_Percentage
GDL,1008,280,207,20.535714285714285
IMP,1634,2562,801,49.02080783353733
JDG,1982,577,399,20.131180625630677
