{"accuracy": [0.19050218164920807, 0.3995633125305176, 0.5245633125305176, 0.5987991094589233, 0.652838408946991, 0.7202510833740234, 0.7617357969284058, 0.7882096171379089, 0.817139744758606, 0.8515284061431885, 0.874454140663147, 0.8820960521697998, 0.9001091718673706, 0.908569872379303, 0.9129366874694824], "loss": [3.1151058673858643, 1.9442412853240967, 1.4436103105545044, 1.1915785074234009, 1.0569989681243896, 0.848380982875824, 0.7259843349456787, 0.6448311805725098, 0.5595548748970032, 0.48594075441360474, 0.4447327256202698, 0.39832788705825806, 0.35048654675483704, 0.3277093470096588, 0.3094438314437866], "val_accuracy": [0.1450892835855484, 0.453125, 0.265625, 0.7745535969734192, 0.7075892686843872, 0.7745535969734192, 0.7946428656578064, 0.9352678656578064, 0.8794642686843872, 0.6316964030265808, 0.9441964030265808, 0.9486607313156128, 0.9665178656578064, 0.9598214030265808, 0.9441964030265808], "val_loss": [4.082913875579834, 1.6946295499801636, 3.337618350982666, 0.8248539566993713, 0.8922094702720642, 0.7692569494247437, 0.8038201332092285, 0.3197684586048126, 0.3840322494506836, 1.009064793586731, 0.26094165444374084, 0.21560215950012207, 0.1825985461473465, 0.1487693041563034, 0.19974789023399353]}