{"accuracy": [0.0998908281326294, 0.20933406054973602, 0.3051310181617737, 0.3908296823501587, 0.4536026120185852], "loss": [3.656747817993164, 2.8218650817871094, 2.3090171813964844, 2.0020527839660645, 1.7737834453582764], "val_accuracy": [0.20633187890052795, 0.3766375482082367, 0.4879912734031677, 0.5687772631645203, 0.6310043931007385], "val_loss": [2.69461989402771, 2.00276255607605, 1.6601372957229614, 1.4494130611419678, 1.2904298305511475]}