{"accuracy": [0.11162663996219635, 0.19323143362998962, 0.29585152864456177, 0.4052947461605072, 0.44213974475860596, 0.46670305728912354, 0.5761463046073914, 0.6140829920768738, 0.6872270703315735, 0.7213428020477295, 0.7467249035835266, 0.7606440782546997, 0.7832969427108765, 0.7966703176498413, 0.8215065598487854, 0.8343340754508972, 0.8526200652122498, 0.8507096171379089, 0.8531659245491028, 0.8605349063873291, 0.8758187890052795, 0.8883733749389648, 0.8908296823501587, 0.9022925496101379, 0.914301335811615, 0.9211244583129883, 0.9164847135543823, 0.9243995547294617, 0.9208515286445618, 0.9339519739151001], "loss": [3.456066608428955, 2.793686628341675, 2.3003287315368652, 1.8465077877044678, 1.7035709619522095, 1.5861071348190308, 1.2557263374328613, 1.1288433074951172, 0.9590235352516174, 0.8533421754837036, 0.7828887104988098, 0.7274439334869385, 0.6675971150398254, 0.611905038356781, 0.5605270266532898, 0.5291681885719299, 0.5026029348373413, 0.47572654485702515, 0.47369933128356934, 0.43904832005500793, 0.41038429737091064, 0.38969072699546814, 0.3688962459564209, 0.3385874032974243, 0.3139931261539459, 0.297596275806427, 0.30132177472114563, 0.27905508875846863, 0.27326279878616333, 0.25812265276908875], "val_accuracy": [0.078125, 0.1763392835855484, 0.0513392873108387, 0.0825892835855484, 0.1160714253783226, 0.2142857164144516, 0.3013392984867096, 0.4464285671710968, 0.609375, 0.71875, 0.7879464030265808, 0.7410714030265808, 0.7299107313156128, 0.75, 0.9084821343421936, 0.8191964030265808, 0.6986607313156128, 0.859375, 0.7522321343421936, 0.9419642686843872, 0.8839285969734192, 0.8973214030265808, 0.9241071343421936, 0.9375, 0.9419642686843872, 0.9553571343421936, 0.9598214030265808, 0.9598214030265808, 0.9665178656578064, 0.9709821343421936], "val_loss": [7.495261192321777, 4.710535526275635, 8.682443618774414, 7.6507697105407715, 34.7545280456543, 3.2931158542633057, 3.1127264499664307, 1.4698506593704224, 1.1183527708053589, 0.836945652961731, 0.6084845662117004, 0.7377039790153503, 0.7550400495529175, 0.6994457244873047, 0.3904775083065033, 0.5357804894447327, 0.8944254517555237, 0.4294869303703308, 0.7293258905410767, 0.27758967876434326, 0.35338470339775085, 0.3685161769390106, 0.2968299388885498, 0.25225716829299927, 0.2418624311685562, 0.18563291430473328, 0.19303156435489655, 0.15921194851398468, 0.15227405726909637, 0.14305958151817322]}