{"accuracy": [0.06004366651177406, 0.06522925943136215, 0.06905021518468857, 0.07014191895723343, 0.06359170377254486, 0.069596067070961, 0.0660480335354805, 0.07123362272977829, 0.07887554913759232, 0.08624453842639923, 0.09907205402851105, 0.11108078807592392, 0.12199781835079193, 0.13810043036937714, 0.16320960223674774], "loss": [11.100725173950195, 2.9899563789367676, 2.9852211475372314, 2.985550880432129, 2.9867618083953857, 2.9865355491638184, 2.984137773513794, 2.9831018447875977, 2.9705002307891846, 2.970778465270996, 2.9384801387786865, 2.915809392929077, 2.867216110229492, 2.853588104248047, 2.769806385040283], "val_accuracy": [0.07532750815153122, 0.07532750815153122, 0.07641921192407608, 0.07532750815153122, 0.07641921192407608, 0.07641921192407608, 0.07641921192407608, 0.07423580437898636, 0.08187773078680038, 0.07969432324171066, 0.10371179133653641, 0.13864628970623016, 0.12991265952587128, 0.14519651234149933, 0.14410480856895447], "val_loss": [2.991795539855957, 2.986584186553955, 2.984339714050293, 2.9787750244140625, 2.982731342315674, 2.983670234680176, 2.9816365242004395, 2.9752790927886963, 2.971874237060547, 2.981506586074829, 2.9513158798217773, 2.893758535385132, 2.8511197566986084, 2.851808786392212, 2.800995111465454]}