{"accuracy": [0.117903932929039, 0.1981441080570221, 0.18668122589588165, 0.3108624517917633, 0.3766375482082367, 0.28165939450263977, 0.3679039180278778, 0.5354803204536438, 0.6045305728912354, 0.658569872379303, 0.7156113386154175, 0.7595524191856384, 0.7895742654800415, 0.8122270703315735, 0.8477074503898621], "loss": [19.839046478271484, 2.7010462284088135, 2.7011826038360596, 2.3199164867401123, 2.0522210597991943, 2.4352145195007324, 2.1275339126586914, 1.5269933938980103, 1.2727218866348267, 1.0913571119308472, 0.9218987822532654, 0.7714753150939941, 0.6550664901733398, 0.6024264097213745, 0.49941250681877136], "val_accuracy": [0.1450892835855484, 0.3683035671710968, 0.3303571343421936, 0.4263392984867096, 0.25, 0.2857142984867096, 0.5580357313156128, 0.6607142686843872, 0.6785714030265808, 0.703125, 0.7700892686843872, 0.7767857313156128, 0.7767857313156128, 0.8325892686843872, 0.8191964030265808], "val_loss": [2.9081437587738037, 2.2529594898223877, 2.235722064971924, 1.9469269514083862, 2.485316753387451, 2.338888168334961, 1.6531038284301758, 1.2113654613494873, 1.1606597900390625, 1.0369460582733154, 0.8069280982017517, 0.7699200510978699, 0.7372145652770996, 0.639488697052002, 0.6821803450584412]}