{"accuracy": [0.13318777084350586, 0.2570960819721222, 0.3444323241710663, 0.4637008607387543, 0.5496724843978882, 0.6285480260848999, 0.2606441080570221, 0.3425218462944031, 0.3193231523036957, 0.31659388542175293, 0.47953057289123535, 0.5087336301803589, 0.6883187890052795, 0.744268536567688, 0.7966703176498413, 0.8272379636764526, 0.8553493618965149, 0.8722707629203796, 0.8889192342758179, 0.8957423567771912, 0.9123908281326294, 0.9162117838859558, 0.914301335811615, 0.9012008905410767, 0.9156659245491028, 0.9290392994880676, 0.9437772631645203, 0.9557860493659973], "loss": [12.720234870910645, 2.5538594722747803, 2.1831016540527344, 1.7979494333267212, 1.4486923217773438, 1.1975737810134888, 2.5220017433166504, 2.2133758068084717, 2.312074661254883, 2.33406138420105, 1.8576077222824097, 1.6860034465789795, 1.0666453838348389, 0.8439080715179443, 0.6514924168586731, 0.5757947564125061, 0.49127697944641113, 0.41418635845184326, 0.36867475509643555, 0.32386791706085205, 0.2758222222328186, 0.28738752007484436, 0.29273319244384766, 0.35542911291122437, 0.28721046447753906, 0.23716434836387634, 0.17701192200183868, 0.14896376430988312], "val_accuracy": [0.1741071492433548, 0.3392857015132904, 0.515625, 0.578125, 0.6584821343421936, 0.65625, 0.3638392984867096, 0.4441964328289032, 0.3035714328289032, 0.3973214328289032, 0.6808035969734192, 0.5647321343421936, 0.7544642686843872, 0.7879464030265808, 0.7745535969734192, 0.8058035969734192, 0.84375, 0.8125, 0.7946428656578064, 0.8504464030265808, 0.8482142686843872, 0.8370535969734192, 0.8191964030265808, 0.8102678656578064, 0.8526785969734192, 0.8616071343421936, 0.84375, 0.8258928656578064], "val_loss": [2.8172531127929688, 2.417882204055786, 1.7683117389678955, 1.4999771118164062, 1.1663787364959717, 1.277776837348938, 2.1569056510925293, 1.9839147329330444, 2.358790159225464, 2.1725194454193115, 1.1488606929779053, 1.6292914152145386, 0.9500676393508911, 0.7828531265258789, 0.8029316663742065, 0.7721743583679199, 0.6328264474868774, 0.6655715107917786, 0.8068448305130005, 0.5197666883468628, 0.639764130115509, 0.6966965794563293, 0.7515730261802673, 0.8329501748085022, 0.6415905356407166, 0.6309522986412048, 0.7190456986427307, 0.7163146734237671]}